ID,Job Title,Email Address,FirstName LastName
1,Physician,Isabel_Rose8287@gembat.biz,Isabel Rose
2,Software Engineer,Lucy_Spencer8217@jiman.org,Lucy Spencer
3,Staffing Consultant,Tyler_Mcguire1864@fuliss.net,Tyler Mcguire
4,Treasurer,David_Wilkinson8308@grannar.com,David Wilkinson
5,Design Engineer,Chuck_Cooper6780@grannar.com,Chuck Cooper
6,Chef Manager,Liam_Gregory5413@iatim.tech,Liam Gregory
7,Treasurer,Nina_Simpson4831@ubusive.com,Nina Simpson
8,Dentist,Angela_Lakey9617@bulaffy.com,Angela Lakey
9,Project Manager,Eduardo_Tyler1023@bulaffy.com,Eduardo Tyler
10,Fabricator,Phillip_Needham9758@corti.com,Phillip Needham
11,Paramedic,Aleksandra_Walker1634@supunk.biz,Aleksandra Walker
12,Loan Officer,Anthony_Mcleod2458@gmail.com,Anthony Mcleod
13,HR Specialist,Johnny_Rehman5411@bauros.biz,Johnny Rehman
14,Steward,Nina_Pierce1727@iatim.tech,Nina Pierce
15,Executive Director,Johnny_Beal5152@supunk.biz,Johnny Beal
16,Banker,Rosa_Oatway6593@vetan.org,Rosa Oatway
17,Stockbroker,Daniel_Varley2515@famism.biz,Daniel Varley
18,CNC Operator,Eve_Robinson1884@deons.tech,Eve Robinson
19,Systems Administrator,Trisha_Oatway3275@guentu.biz,Trisha Oatway
20,Restaurant Manager,Danny_Janes9806@irrepsy.com,Danny Janes
21,Chef Manager,Lucas_James4509@bretoux.com,Lucas James
22,Machine Operator,Nate_Clifton4288@deavo.com,Nate Clifton
23,Inspector,Susan_White1260@tonsy.org,Susan White
24,Project Manager,Emely_Kelly3910@deavo.com,Emely Kelly
25,Dentist,Blake_Dobson7978@corti.com,Blake Dobson
26,Food Technologist,Denis_Todd5338@hourpy.biz,Denis Todd
27,Ambulatory Nurse,Caleb_Edwards151@irrepsy.com,Caleb Edwards
28,Service Supervisor,Chadwick_Mould623@gmail.com,Chadwick Mould
29,Insurance Broker,Andie_Moreno5166@bungar.biz,Andie Moreno
30,Operator,Gabriel_Wright7544@gmail.com,Gabriel Wright
31,Production Painter,Carter_Hobson8135@elnee.tech,Carter Hobson
32,Ambulatory Nurse,Tyson_Owen6973@brety.org,Tyson Owen
33,Design Engineer,Gabriel_Quinton4827@womeona.net,Gabriel Quinton
34,Auditor,Payton_Willson8839@yahoo.com,Payton Willson
35,Ambulatory Nurse,Audrey_Jefferson4815@nimogy.biz,Audrey Jefferson
36,Inspector,Owen_Truscott7813@joiniaa.com,Owen Truscott
37,HR Coordinator,Angelique_Kelly284@nickia.com,Angelique Kelly
38,Pharmacist,Ally_Ellis8450@nanoff.biz,Ally Ellis
39,Loan Officer,Denny_Owen3291@qater.org,Denny Owen
40,Physician,Samantha_Hood3921@joiniaa.com,Samantha Hood
41,Banker,Noah_Garcia2022@brety.org,Noah Garcia
42,Webmaster,Benny_Gosling5113@mafthy.com,Benny Gosling
43,Chef Manager,Liam_Isaac2833@hourpy.biz,Liam Isaac
44,Fabricator,Jazmin_Holt63@gompie.com,Jazmin Holt
45,Cashier,Adina_Rigg8024@bretoux.com,Adina Rigg
46,Call Center Representative,Michelle_Welsch9678@dionrab.com,Michelle Welsch
47,Doctor,Manuel_Edwards2257@ubusive.com,Manuel Edwards
48,Cash Manager,Lucas_Whitmore87@bulaffy.com,Lucas Whitmore
49,HR Specialist,Hank_Mould9202@eirey.tech,Hank Mould
50,Software Engineer,Tom_Watt3883@guentu.biz,Tom Watt
51,Cash Manager,Danny_Torres9278@zorer.org,Danny Torres
52,Service Supervisor,Russel_Gallacher5824@famism.biz,Russel Gallacher
53,Call Center Representative,Emma_Jennson7057@deavo.com,Emma Jennson
54,Clerk,Darlene_Eddison8302@naiker.biz,Darlene Eddison
55,Treasurer,Fred_Newton7618@bretoux.com,Fred Newton
56,Health Educator,Melanie_Brock2180@bungar.biz,Melanie Brock
57,Design Engineer,Summer_Andersson6863@atink.com,Summer Andersson
58,Designer,Tyson_Robertson9129@jiman.org,Tyson Robertson
59,Software Engineer,Greta_Ventura1955@typill.biz,Greta Ventura
60,Baker,Russel_Tyrrell1349@twace.org,Russel Tyrrell
61,Stockbroker,Margot_Johnson6624@nanoff.biz,Margot Johnson
62,Bellman,Tyson_Saunders5797@gmail.com,Tyson Saunders
63,Production Painter,Kirsten_Jordan2756@nickia.com,Kirsten Jordan
64,Food Technologist,Josh_Todd9430@sveldo.biz,Josh Todd
65,Auditor,Barry_Leslie3502@hourpy.biz,Barry Leslie
66,Machine Operator,Elijah_Tennant3860@zorer.org,Elijah Tennant
67,Cashier,Rufus_Brennan9055@guentu.biz,Rufus Brennan
68,Design Engineer,Henry_Rogers8668@mafthy.com,Henry Rogers
69,IT Support Staff,Aeris_Baxter5448@atink.com,Aeris Baxter
70,Assistant Buyer,Liam_Grady7783@bauros.biz,Liam Grady
71,Retail Trainee,Ron_Bradley5015@qater.org,Ron Bradley
72,Laboratory Technician,Peyton_Moore982@infotech44.tech,Peyton Moore
73,Business Broker,Gloria_Noach5996@vetan.org,Gloria Noach
74,Bookkeeper,Robyn_Wood798@guentu.biz,Robyn Wood
75,Executive Director,Ethan_Michael9915@nickia.com,Ethan Michael
76,Pharmacist,Caleb_Kennedy3119@nimogy.biz,Caleb Kennedy
77,Investment  Advisor,Rosa_Mullins4348@bauros.biz,Rosa Mullins
78,Loan Officer,Freya_Tailor6341@elnee.tech,Freya Tailor
79,Associate Professor,Aeris_Vinton9520@fuliss.net,Aeris Vinton
80,Cashier,Carl_Lucas8663@typill.biz,Carl Lucas
81,Steward,Rachael_West318@yahoo.com,Rachael West
82,Health Educator,Kurt_Villiger7820@acrit.org,Kurt Villiger
83,Stockbroker,Penny_Dyson2862@nanoff.biz,Penny Dyson
84,Lecturer,Makenzie_Kennedy139@bauros.biz,Makenzie Kennedy
85,Machine Operator,Aeris_Walsh512@fuliss.net,Aeris Walsh
86,Audiologist,Lara_Utterson5351@acrit.org,Lara Utterson
87,Treasurer,Josh_Talbot6977@liret.org,Josh Talbot
88,Software Engineer,Nick_Holmes4914@twace.org,Nick Holmes
89,Ambulatory Nurse,Lynn_Morrison2438@jiman.org,Lynn Morrison
90,Banker,Alba_Ranks9749@bretoux.com,Alba Ranks
91,Auditor,Karla_Ellis8169@acrit.org,Karla Ellis
92,Insurance Broker,Jayden_Collins6954@corti.com,Jayden Collins
93,Retail Trainee,Jackeline_Gordon960@acrit.org,Jackeline Gordon
94,Treasurer,Wade_Cassidy8677@muall.tech,Wade Cassidy
95,Production Painter,Maxwell_Terry2656@mafthy.com,Maxwell Terry
96,Doctor,Clarissa_Speed3892@naiker.biz,Clarissa Speed
97,Service Supervisor,Ema_Rogan7978@brety.org,Ema Rogan
98,Electrician,Danny_Marshall6919@yahoo.com,Danny Marshall
99,Loan Officer,Denis_Harris974@nanoff.biz,Denis Harris
100,Inspector,Bart_Weldon8114@gembat.biz,Bart Weldon
101,Service Supervisor,Melinda_Rixon7123@irrepsy.com,Melinda Rixon
102,Assistant Buyer,Belinda_Wright9479@eirey.tech,Belinda Wright
103,Designer,Matt_Roberts1342@gembat.biz,Matt Roberts
104,Audiologist,Daniel_Yard7204@ubusive.com,Daniel Yard
105,Budget Analyst,Carl_Jackson4833@elnee.tech,Carl Jackson
106,Designer,Rosalie_Collins9611@ovock.tech,Rosalie Collins
107,Restaurant Manager,Anthony_Tennant8866@extex.org,Anthony Tennant
108,Healthcare Specialist,Ramon_Fenton2210@bungar.biz,Ramon Fenton
109,Lecturer,Harvey_Thatcher7538@gmail.com,Harvey Thatcher
110,Food Technologist,Rachael_Reynolds9422@atink.com,Rachael Reynolds
111,Food Technologist,Barry_Evans3695@sheye.org,Barry Evans
112,Service Supervisor,Barry_Duvall2479@extex.org,Barry Duvall
113,Assistant Buyer,George_Ward9637@elnee.tech,George Ward
114,Fabricator,Noemi_Bennett5237@guentu.biz,Noemi Bennett
115,HR Coordinator,Faith_Jackson3398@infotech44.tech,Faith Jackson
116,Steward,Bristol_Gallacher8867@bulaffy.com,Bristol Gallacher
117,Treasurer,Bethany_Johnson3955@acrit.org,Bethany Johnson
118,Dentist,Sarah_Booth5994@yahoo.com,Sarah Booth
119,Baker,Ember_Knight7998@naiker.biz,Ember Knight
120,Fabricator,Sadie_Pratt7733@irrepsy.com,Sadie Pratt
121,Mobile Developer,Caleb_Nayler2602@atink.com,Caleb Nayler
122,Audiologist,Clarissa_Davies1515@atink.com,Clarissa Davies
123,Fabricator,Joseph_Jobson4879@kideod.biz,Joseph Jobson
124,Bookkeeper,Stacy_Penn8499@infotech44.tech,Stacy Penn
125,Laboratory Technician,Jayden_Gordon9822@bauros.biz,Jayden Gordon
126,Audiologist,Andie_Hobbs8609@qater.org,Andie Hobbs
127,Physician,Norah_Cunningham618@atink.com,Norah Cunningham
128,Restaurant Manager,Alexa_Jones1640@muall.tech,Alexa Jones
129,Operator,Esmeralda_Benson7972@extex.org,Esmeralda Benson
130,Inspector,Julius_Radley2925@atink.com,Julius Radley
131,Front Desk Coordinator,Rosalyn_Anderson2128@deavo.com,Rosalyn Anderson
132,Steward,Josephine_Douglas1464@fuliss.net,Josephine Douglas
133,Design Engineer,Samantha_Tailor1725@nimogy.biz,Samantha Tailor
134,Dentist,Anthony_Noon3778@atink.com,Anthony Noon
135,Chef Manager,Owen_Quinton2480@guentu.biz,Owen Quinton
136,Healthcare Specialist,Macy_Spencer3190@deavo.com,Macy Spencer
137,Laboratory Technician,Anthony_Moreno7545@dionrab.com,Anthony Moreno
138,Fabricator,Kamila_Matthews3710@kideod.biz,Kamila Matthews
139,Project Manager,Hailey_Chester8134@gembat.biz,Hailey Chester
140,Associate Professor,Ramon_Talbot9985@naiker.biz,Ramon Talbot
141,Dentist,Ema_Villiger7220@zorer.org,Ema Villiger
142,CNC Operator,Ember_Bennett4490@famism.biz,Ember Bennett
143,Associate Professor,Carmen_Needham2633@liret.org,Carmen Needham
144,Audiologist,Makenzie_Cunningham7721@gembat.biz,Makenzie Cunningham
145,Designer,Nick_Alcroft4839@deons.tech,Nick Alcroft
146,Baker,Carl_Varndell4394@nimogy.biz,Carl Varndell
147,CNC Operator,Tyson_Locke8106@joiniaa.com,Tyson Locke
148,Investment  Advisor,Harry_Alexander2719@gompie.com,Harry Alexander
149,Cashier,Grace_Alexander8670@grannar.com,Grace Alexander
150,Paramedic,Daron_Stanley2849@grannar.com,Daron Stanley
151,Paramedic,Chris_Tait2919@dionrab.com,Chris Tait
152,Budget Analyst,Drew_Lee6657@twipet.com,Drew Lee
153,Biologist,Goldie_Weston7632@cispeto.com,Goldie Weston
154,Front Desk Coordinator,Cedrick_Eyres675@tonsy.org,Cedrick Eyres
155,CNC Operator,Rufus_Speed4436@grannar.com,Rufus Speed
156,Clerk,Johnathan_Kerr4123@ovock.tech,Johnathan Kerr
157,Physician,Stella_Sinclair8268@deavo.com,Stella Sinclair
158,Investment  Advisor,Martin_Knight9323@liret.org,Martin Knight
159,Dentist,Percy_Fox422@bungar.biz,Percy Fox
160,Cook,Morgan_Bolton8377@bretoux.com,Morgan Bolton
161,Design Engineer,Carissa_Graves2561@deons.tech,Carissa Graves
162,Banker,Barry_Walter7378@twipet.com,Barry Walter
163,Steward,Maya_Mason988@typill.biz,Maya Mason
164,Health Educator,Bart_Ainsworth6513@gmail.com,Bart Ainsworth
165,Lecturer,Bob_Whitmore2169@guentu.biz,Bob Whitmore
166,Biologist,Owen_Edley9434@corti.com,Owen Edley
167,Mobile Developer,Julia_Ryan1092@extex.org,Julia Ryan
168,Doctor,Ada_Whatson2338@ovock.tech,Ada Whatson
169,IT Support Staff,Hazel_Collins7515@elnee.tech,Hazel Collins
170,Cashier,Johnathan_Dixon7948@muall.tech,Johnathan Dixon
171,Treasurer,Mya_Henderson5468@twace.org,Mya Henderson
172,HR Coordinator,Elena_Bell5941@grannar.com,Elena Bell
173,HR Specialist,Daron_Lindsay2509@elnee.tech,Daron Lindsay
174,Production Painter,Chadwick_Robinson3723@bauros.biz,Chadwick Robinson
175,Restaurant Manager,Violet_Booth3830@iatim.tech,Violet Booth
176,Operator,Joseph_Keys9842@twipet.com,Joseph Keys
177,Executive Director,Julius_Moss1979@ubusive.com,Julius Moss
178,Design Engineer,Michaela_Rose1853@bauros.biz,Michaela Rose
179,Retail Trainee,Makenzie_Attwood7034@tonsy.org,Makenzie Attwood
180,Food Technologist,Isabel_Mackenzie8727@supunk.biz,Isabel Mackenzie
181,Chef Manager,Cassidy_Mccormick2644@bauros.biz,Cassidy Mccormick
182,IT Support Staff,Agnes_Benson7941@gompie.com,Agnes Benson
183,Stockbroker,Phoebe_Rust7600@yahoo.com,Phoebe Rust
184,Clerk,Doug_Carpenter1000@nanoff.biz,Doug Carpenter
185,Webmaster,Leah_Rosenbloom494@fuliss.net,Leah Rosenbloom
186,Cash Manager,Norah_Squire9552@sheye.org,Norah Squire
187,Cashier,Aurelia_Ellery789@brety.org,Aurelia Ellery
188,Business Broker,Luke_Vaughan5391@zorer.org,Luke Vaughan
189,Investment  Advisor,Wade_Simmons939@twipet.com,Wade Simmons
190,Fabricator,Nicholas_Isaac9269@bauros.biz,Nicholas Isaac
191,Associate Professor,Lillian_Utterson1572@cispeto.com,Lillian Utterson
192,Audiologist,Maria_Welsch2122@kideod.biz,Maria Welsch
193,Insurance Broker,Rufus_Rees3960@extex.org,Rufus Rees
194,Steward,Eileen_Marshall7821@naiker.biz,Eileen Marshall
195,Audiologist,Camden_Malone8606@typill.biz,Camden Malone
196,Physician,Nathan_Hill5271@qater.org,Nathan Hill
197,Assistant Buyer,Carolyn_Tyrrell7347@deons.tech,Carolyn Tyrrell
198,Restaurant Manager,Tyler_Rehman4748@ubusive.com,Tyler Rehman
199,Web Developer,Matthew_Middleton5902@hourpy.biz,Matthew Middleton
200,Accountant,Russel_Townend2429@brety.org,Russel Townend
201,Associate Professor,Rae_Mccall1665@brety.org,Rae Mccall
202,Production Painter,Wade_Atkinson9320@nimogy.biz,Wade Atkinson
203,Operator,Florence_Faulkner2713@iatim.tech,Florence Faulkner
204,HR Specialist,Davina_Cavanagh7366@nickia.com,Davina Cavanagh
205,Fabricator,Kirsten_Amstead5469@tonsy.org,Kirsten Amstead
206,Electrician,Sadie_Kelly5984@cispeto.com,Sadie Kelly
207,Banker,Ramon_Hunt7043@zorer.org,Ramon Hunt
208,Laboratory Technician,Daria_Brett2908@bauros.biz,Daria Brett
209,Auditor,Tyler_Harper8970@liret.org,Tyler Harper
210,IT Support Staff,Aiden_Waterson9760@yahoo.com,Aiden Waterson
211,Cook,Ally_Upton2658@eirey.tech,Ally Upton
212,Treasurer,Elisabeth_Tanner3719@ubusive.com,Elisabeth Tanner
213,Chef Manager,Daron_Steer7433@vetan.org,Daron Steer
214,Bellman,Denis_Vass600@muall.tech,Denis Vass
215,Clerk,Mike_Everett4699@atink.com,Mike Everett
216,Lecturer,Doug_Brock4560@tonsy.org,Doug Brock
217,Steward,Jane_Owen8139@corti.com,Jane Owen
218,Biologist,Bob_Reese1815@irrepsy.com,Bob Reese
219,Software Engineer,Winnie_Needham4887@ovock.tech,Winnie Needham
220,Machine Operator,Rosalyn_Woods8836@nimogy.biz,Rosalyn Woods
221,HR Specialist,Bryon_Gilmour8481@sheye.org,Bryon Gilmour
222,Executive Director,Cassandra_Carpenter3031@muall.tech,Cassandra Carpenter
223,Chef Manager,Rebecca_Thornton6348@elnee.tech,Rebecca Thornton
224,Health Educator,Tania_Mills2854@typill.biz,Tania Mills
225,Laboratory Technician,David_Stevens7633@brety.org,David Stevens
226,Baker,Valerie_Yard5397@typill.biz,Valerie Yard
227,Ambulatory Nurse,Mike_Stone3735@corti.com,Mike Stone
228,Treasurer,Freya_Mccall1349@dionrab.com,Freya Mccall
229,Stockbroker,Roger_Murray3103@irrepsy.com,Roger Murray
230,Restaurant Manager,Julian_Eaton6770@brety.org,Julian Eaton
231,Accountant,Carter_Brooks4038@bungar.biz,Carter Brooks
232,Lecturer,Bree_Redden2097@liret.org,Bree Redden
233,Front Desk Coordinator,Bart_Douglas7883@irrepsy.com,Bart Douglas
234,Baker,Ramon_Quinnell2976@bungar.biz,Ramon Quinnell
235,Electrician,Gil_Reese8586@supunk.biz,Gil Reese
236,Biologist,Samantha_Richardson881@famism.biz,Samantha Richardson
237,Cash Manager,Luke_Mcleod5950@grannar.com,Luke Mcleod
238,Cashier,Danielle_Harvey3905@ovock.tech,Danielle Harvey
239,Health Educator,Chadwick_Torres802@bretoux.com,Chadwick Torres
240,Biologist,William_Roberts5791@brety.org,William Roberts
241,Machine Operator,Julian_Gordon3368@mafthy.com,Julian Gordon
242,Lecturer,Alessandra_Noach3255@corti.com,Alessandra Noach
243,Bellman,Courtney_Poole8442@extex.org,Courtney Poole
244,Systems Administrator,Mark_Terry3005@kideod.biz,Mark Terry
245,Stockbroker,Kaylee_Gordon3076@kideod.biz,Kaylee Gordon
246,Clerk,Fred_Shields5619@zorer.org,Fred Shields
247,Executive Director,Chuck_London3302@naiker.biz,Chuck London
248,Chef Manager,Roger_Jones2005@dionrab.com,Roger Jones
249,Cashier,Mike_Bell6855@sheye.org,Mike Bell
250,Insurance Broker,Hazel_Morrow4844@cispeto.com,Hazel Morrow
251,Business Broker,Parker_Moore9911@bauros.biz,Parker Moore
252,Front Desk Coordinator,Russel_Tyrrell6135@atink.com,Russel Tyrrell
253,Healthcare Specialist,Nick_Roberts4228@zorer.org,Nick Roberts
254,Fabricator,Benjamin_Osmond8887@extex.org,Benjamin Osmond
255,Inspector,Jackeline_Wooldridge2573@typill.biz,Jackeline Wooldridge
256,Mobile Developer,Dorothy_Thompson9820@liret.org,Dorothy Thompson
257,Paramedic,Lana_Russel850@hourpy.biz,Lana Russel
258,Production Painter,Johnathan_Lee404@joiniaa.com,Johnathan Lee
259,Banker,Noemi_Pearson9172@acrit.org,Noemi Pearson
260,Clerk,Sharon_Cann1410@yahoo.com,Sharon Cann
261,Service Supervisor,Rita_Funnell4746@dionrab.com,Rita Funnell
262,Mobile Developer,Darlene_Rees9756@grannar.com,Darlene Rees
263,Bellman,Tyler_Slater8751@jiman.org,Tyler Slater
264,Bellman,Lindsay_Emerson6208@bretoux.com,Lindsay Emerson
265,Paramedic,Benjamin_Ulyatt5646@joiniaa.com,Benjamin Ulyatt
266,Doctor,Jules_Woodley4776@liret.org,Jules Woodley
267,Banker,Marvin_Fleming7012@corti.com,Marvin Fleming
268,Dentist,Stella_Whinter1293@guentu.biz,Stella Whinter
269,Business Broker,Johnathan_Stubbs9881@sveldo.biz,Johnathan Stubbs
270,Baker,Fiona_Baxter1862@mafthy.com,Fiona Baxter
271,Dentist,Ramon_Eyres2289@bauros.biz,Ramon Eyres
272,Bellman,Angelica_Gordon611@bungar.biz,Angelica Gordon
273,Electrician,Dalia_Bright3624@grannar.com,Dalia Bright
274,Electrician,Angelina_Roscoe5792@kideod.biz,Angelina Roscoe
275,Dentist,Lexi_Fleming2906@deons.tech,Lexi Fleming
276,Loan Officer,Lily_Ryan1776@iatim.tech,Lily Ryan
277,Associate Professor,Alexander_Ianson9725@sveldo.biz,Alexander Ianson
278,IT Support Staff,Bart_Potter8059@bretoux.com,Bart Potter
279,Executive Director,Kate_Wright4429@cispeto.com,Kate Wright
280,Assistant Buyer,Aiden_Eaton1693@atink.com,Aiden Eaton
281,Web Developer,Boris_Brown8303@twace.org,Boris Brown
282,Lecturer,Aiden_Ramsey9191@twace.org,Aiden Ramsey
283,Laboratory Technician,Hanna_Griffiths3904@sveldo.biz,Hanna Griffiths
284,Banker,Brad_Uddin8466@vetan.org,Brad Uddin
285,Cashier,Chris_Torres6957@irrepsy.com,Chris Torres
286,CNC Operator,Gil_Stewart7107@naiker.biz,Gil Stewart
287,HR Coordinator,Adina_Preston6079@gembat.biz,Adina Preston
288,Dentist,Mavis_Hilton9693@bretoux.com,Mavis Hilton
289,Retail Trainee,Anais_Gavin1214@liret.org,Anais Gavin
290,Clerk,Nate_Ross3662@cispeto.com,Nate Ross
291,Auditor,Mabel_Pickard5572@ovock.tech,Mabel Pickard
292,Bellman,Tyson_Dixon2699@corti.com,Tyson Dixon
293,Staffing Consultant,Bryon_Verdon1065@sheye.org,Bryon Verdon
294,Web Developer,Callie_Lowe4594@corti.com,Callie Lowe
295,Bookkeeper,Marigold_Walton7950@twace.org,Marigold Walton
296,Associate Professor,Kassandra_Rogan2790@deavo.com,Kassandra Rogan
297,Systems Administrator,Caleb_Ingram8271@ovock.tech,Caleb Ingram
298,Paramedic,Eduardo_Ring8884@iatim.tech,Eduardo Ring
299,Operator,Audrey_Saunders3010@nanoff.biz,Audrey Saunders
300,IT Support Staff,Hope_York8943@naiker.biz,Hope York
301,Doctor,Alan_Cattell4853@yahoo.com,Alan Cattell
302,Baker,Dorothy_Olivier7307@ubusive.com,Dorothy Olivier
303,HR Specialist,Chadwick_Wood2882@mafthy.com,Chadwick Wood
304,Cashier,Bree_Ventura9469@ovock.tech,Bree Ventura
305,Service Supervisor,Nicole_Murray9416@typill.biz,Nicole Murray
306,Loan Officer,Vicky_Roscoe7450@vetan.org,Vicky Roscoe
307,Lecturer,Nathan_Cartwright8567@cispeto.com,Nathan Cartwright
308,Investment  Advisor,David_Reynolds3298@twipet.com,David Reynolds
309,Bookkeeper,Ethan_Carson8476@mafthy.com,Ethan Carson
310,Service Supervisor,John_Attwood6395@iatim.tech,John Attwood
311,Production Painter,Tyson_Warner3757@typill.biz,Tyson Warner
312,Webmaster,Leroy_Moran6956@nimogy.biz,Leroy Moran
313,Call Center Representative,Alice_Jones8004@nimogy.biz,Alice Jones
314,Staffing Consultant,Jacqueline_Lakey5506@nanoff.biz,Jacqueline Lakey
315,Ambulatory Nurse,Gil_Thorpe8238@guentu.biz,Gil Thorpe
316,Chef Manager,Anthony_Bell8177@eirey.tech,Anthony Bell
317,Bellman,Hannah_Cattell7256@typill.biz,Hannah Cattell
318,Project Manager,Henry_Ogilvy6605@tonsy.org,Henry Ogilvy
319,Mobile Developer,Tyler_Roman4243@atink.com,Tyler Roman
320,Audiologist,Gil_Torres7487@infotech44.tech,Gil Torres
321,Laboratory Technician,Julius_Judd4327@jiman.org,Julius Judd
322,Chef Manager,Rosa_Jenkins2709@sheye.org,Rosa Jenkins
323,Budget Analyst,Enoch_Oliver5976@cispeto.com,Enoch Oliver
324,Restaurant Manager,Lauren_Jones1804@jiman.org,Lauren Jones
325,Global Logistics Supervisor,Ronald_Tindall6791@gmail.com,Ronald Tindall
326,Operator,Parker_Cartwright5480@vetan.org,Parker Cartwright
327,Electrician,Oliver_Kidd7496@liret.org,Oliver Kidd
328,Auditor,John_Squire7854@zorer.org,John Squire
329,Baker,Manuel_Garner1592@mafthy.com,Manuel Garner
330,Paramedic,Tom_Drew5462@nimogy.biz,Tom Drew
331,Loan Officer,Sydney_Farrell353@elnee.tech,Sydney Farrell
332,HR Coordinator,Matt_Khan5887@bungar.biz,Matt Khan
333,Cash Manager,Francesca_Moreno5056@jiman.org,Francesca Moreno
334,Mobile Developer,Nancy_Fall4471@bretoux.com,Nancy Fall
335,Biologist,Ron_Powell6630@nickia.com,Ron Powell
336,Assistant Buyer,Carl_Dallas5534@hourpy.biz,Carl Dallas
337,Auditor,Bree_Thomson8033@guentu.biz,Bree Thomson
338,Retail Trainee,Remy_Dixon6573@zorer.org,Remy Dixon
339,Global Logistics Supervisor,Sabina_Burnley4133@fuliss.net,Sabina Burnley
340,Business Broker,Allison_Parsons9417@joiniaa.com,Allison Parsons
341,Systems Administrator,Alan_Russel5029@zorer.org,Alan Russel
342,CNC Operator,Boris_Norton344@vetan.org,Boris Norton
343,Restaurant Manager,Boris_Michael2866@eirey.tech,Boris Michael
344,Lecturer,Doug_Graham5168@bungar.biz,Doug Graham
345,Food Technologist,Daron_Blythe1822@elnee.tech,Daron Blythe
346,Bellman,Doug_Edmonds778@fuliss.net,Doug Edmonds
347,Cook,Chanelle_Mann1231@nickia.com,Chanelle Mann
348,Lecturer,Tess_Matthews2903@eirey.tech,Tess Matthews
349,Electrician,Clarissa_Ventura9163@acrit.org,Clarissa Ventura
350,Inspector,John_Dyson285@cispeto.com,John Dyson
351,Executive Director,Eve_Smith2147@fuliss.net,Eve Smith
352,Loan Officer,Roger_Heaton4134@sheye.org,Roger Heaton
353,Biologist,Peter_Cann6643@bulaffy.com,Peter Cann
354,Mobile Developer,Johnathan_Hardwick8339@cispeto.com,Johnathan Hardwick
355,Fabricator,Percy_Myatt169@sveldo.biz,Percy Myatt
356,Design Engineer,Melinda_Logan3373@elnee.tech,Melinda Logan
357,Operator,Lara_Powell1256@gmail.com,Lara Powell
358,Budget Analyst,Zara_Russell6771@twipet.com,Zara Russell
359,Restaurant Manager,Darlene_Thornton750@corti.com,Darlene Thornton
360,Cook,Juliet_Emmott6858@dionrab.com,Juliet Emmott
361,Bellman,Irene_Alcroft9859@dionrab.com,Irene Alcroft
362,Front Desk Coordinator,Parker_Quinnell4093@hourpy.biz,Parker Quinnell
363,Mobile Developer,Makena_Edwards8758@jiman.org,Makena Edwards
364,Mobile Developer,Sadie_Tindall7434@qater.org,Sadie Tindall
365,Baker,John_Owen3699@typill.biz,John Owen
366,Lecturer,Chester_Ellis8040@sveldo.biz,Chester Ellis
367,Retail Trainee,Ryan_Hall7845@bretoux.com,Ryan Hall
368,Operator,Sydney_John8256@grannar.com,Sydney John
369,Staffing Consultant,Selena_Norton258@twace.org,Selena Norton
370,Dentist,Anabel_Brett1401@vetan.org,Anabel Brett
371,Healthcare Specialist,Kieth_Ebbs4534@typill.biz,Kieth Ebbs
372,Doctor,Boris_Flett8572@nickia.com,Boris Flett
373,Dentist,Abdul_Nobbs8029@bulaffy.com,Abdul Nobbs
374,Design Engineer,George_Upsdell9330@guentu.biz,George Upsdell
375,HR Specialist,Benny_Taylor6954@brety.org,Benny Taylor
376,Chef Manager,Gil_Alcroft4007@cispeto.com,Gil Alcroft
377,Mobile Developer,Nathan_Wilson8092@vetan.org,Nathan Wilson
378,Insurance Broker,Martin_Jobson8761@ovock.tech,Martin Jobson
379,Physician,Quinn_Gray9448@naiker.biz,Quinn Gray
380,Pharmacist,Jennifer_Huggins2997@kideod.biz,Jennifer Huggins
381,Call Center Representative,Caleb_Walsh4928@elnee.tech,Caleb Walsh
382,Global Logistics Supervisor,Carmella_Edler8236@eirey.tech,Carmella Edler
383,Restaurant Manager,Michael_Miller9245@nanoff.biz,Michael Miller
384,Web Developer,Lucy_Cowan6458@liret.org,Lucy Cowan
385,Audiologist,Camellia_Skinner9041@acrit.org,Camellia Skinner
386,Retail Trainee,Elisabeth_Walker6885@nanoff.biz,Elisabeth Walker
387,Treasurer,Sasha_Norman3818@twace.org,Sasha Norman
388,Laboratory Technician,Anabelle_Baker8473@sheye.org,Anabelle Baker
389,Business Broker,Rachael_Silva8579@sveldo.biz,Rachael Silva
390,Call Center Representative,Angela_Wigley5414@famism.biz,Angela Wigley
391,Accountant,Susan_Jackson798@vetan.org,Susan Jackson
392,Lecturer,Camellia_Ashley8746@sveldo.biz,Camellia Ashley
393,Pharmacist,Harriet_Collins3201@womeona.net,Harriet Collins
394,Audiologist,Oliver_Ramsey280@naiker.biz,Oliver Ramsey
395,HR Specialist,Florence_Allen6156@famism.biz,Florence Allen
396,Bookkeeper,Brad_Booth2391@dionrab.com,Brad Booth
397,CNC Operator,Bart_London37@eirey.tech,Bart London
398,Paramedic,Alan_Bennett2498@typill.biz,Alan Bennett
399,Accountant,Nicholas_Reading7140@deons.tech,Nicholas Reading
400,Investment  Advisor,Mark_Nurton1088@dionrab.com,Mark Nurton
401,Paramedic,Ellen_Bright2099@sveldo.biz,Ellen Bright
402,Executive Director,Harvey_Dixon6872@acrit.org,Harvey Dixon
403,Budget Analyst,Chad_Isaac3951@atink.com,Chad Isaac
404,Web Developer,Beatrice_Hopkins8301@twipet.com,Beatrice Hopkins
405,Executive Director,Moira_Smith7770@extex.org,Moira Smith
406,Investment  Advisor,Jane_Howard7774@twace.org,Jane Howard
407,Paramedic,Mason_Vass1671@grannar.com,Mason Vass
408,Budget Analyst,Owen_Horton9924@nanoff.biz,Owen Horton
409,Steward,Kimberly_Tailor4830@bulaffy.com,Kimberly Tailor
410,Assistant Buyer,Robyn_Cork6937@cispeto.com,Robyn Cork
411,Electrician,Daniel_Booth9734@elnee.tech,Daniel Booth
412,Webmaster,Stephanie_Hunt634@cispeto.com,Stephanie Hunt
413,Chef Manager,William_Watson5682@jiman.org,William Watson
414,Bookkeeper,Johnathan_Simpson5156@nickia.com,Johnathan Simpson
415,Biologist,Remy_Miller6608@dionrab.com,Remy Miller
416,Lecturer,Hank_Nobbs954@corti.com,Hank Nobbs
417,Fabricator,Logan_Donovan4713@corti.com,Logan Donovan
418,Design Engineer,William_Isaac6498@dionrab.com,William Isaac
419,Business Broker,Rachael_Gonzales394@bungar.biz,Rachael Gonzales
420,Fabricator,Javier_Taylor7192@acrit.org,Javier Taylor
421,Mobile Developer,Denis_Mooney2298@irrepsy.com,Denis Mooney
422,Design Engineer,Aisha_Khan5632@joiniaa.com,Aisha Khan
423,Chef Manager,Mark_Donovan5129@nanoff.biz,Mark Donovan
424,Bookkeeper,Ramon_Clifton693@grannar.com,Ramon Clifton
425,Cashier,George_Torres3255@ovock.tech,George Torres
426,Health Educator,Tyson_Parr5726@bungar.biz,Tyson Parr
427,Executive Director,Cecilia_Styles95@bretoux.com,Cecilia Styles
428,Design Engineer,Adeline_Sherwood928@vetan.org,Adeline Sherwood
429,Production Painter,Mary_Grady5918@ovock.tech,Mary Grady
430,Loan Officer,Camellia_Lewis7577@bungar.biz,Camellia Lewis
431,Dentist,Payton_Gray2136@nanoff.biz,Payton Gray
432,Audiologist,Jane_Shepherd5840@hourpy.biz,Jane Shepherd
433,Dentist,Abdul_Burnley9842@brety.org,Abdul Burnley
434,Doctor,Barry_Morgan6256@brety.org,Barry Morgan
435,Design Engineer,Harvey_Weasley8872@muall.tech,Harvey Weasley
436,Design Engineer,Carter_Cunningham6516@bungar.biz,Carter Cunningham
437,Front Desk Coordinator,Britney_Ranks7235@muall.tech,Britney Ranks
438,Investment  Advisor,Matt_Pond9276@cispeto.com,Matt Pond
439,Executive Director,Tom_Dixon2867@womeona.net,Tom Dixon
440,CNC Operator,Russel_Smith466@zorer.org,Russel Smith
441,Webmaster,Michael_Moss9206@eirey.tech,Michael Moss
442,Paramedic,Hazel_Wilcox3846@iatim.tech,Hazel Wilcox
443,Biologist,Rufus_Pearson1977@gmail.com,Rufus Pearson
444,Cook,Luke_Wigley2977@gembat.biz,Luke Wigley
445,Assistant Buyer,Bart_Antcliff4831@nimogy.biz,Bart Antcliff
446,Food Technologist,Mara_Reynolds354@gembat.biz,Mara Reynolds
447,Mobile Developer,Bryon_Rehman9028@famism.biz,Bryon Rehman
448,Front Desk Coordinator,Mark_Anderson1369@nickia.com,Mark Anderson
449,Fabricator,Abdul_Kirby5937@womeona.net,Abdul Kirby
450,Project Manager,Barry_Devonport5026@gembat.biz,Barry Devonport
451,Webmaster,Tania_Warden3555@supunk.biz,Tania Warden
452,Front Desk Coordinator,Logan_Stevenson4526@muall.tech,Logan Stevenson
453,Loan Officer,Benjamin_Gilmore2145@ovock.tech,Benjamin Gilmore
454,Ambulatory Nurse,Benny_Villiger3731@ubusive.com,Benny Villiger
455,Ambulatory Nurse,Lorraine_Baxter7870@extex.org,Lorraine Baxter
456,Insurance Broker,William_King5737@joiniaa.com,William King
457,Design Engineer,Rosalee_Mann119@sheye.org,Rosalee Mann
458,Global Logistics Supervisor,Adelaide_Huggins633@nickia.com,Adelaide Huggins
459,Business Broker,Alexander_Wilson4408@sveldo.biz,Alexander Wilson
460,Treasurer,Carl_Verdon8269@infotech44.tech,Carl Verdon
461,Webmaster,Ryan_Hancock2841@nimogy.biz,Ryan Hancock
462,Auditor,Denny_Ianson6840@zorer.org,Denny Ianson
463,Food Technologist,Jacob_Irwin3165@iatim.tech,Jacob Irwin
464,Treasurer,Anais_Collingwood8926@nickia.com,Anais Collingwood
465,Global Logistics Supervisor,Jaylene_Ward4758@sheye.org,Jaylene Ward
466,Biologist,Evie_Rust9207@corti.com,Evie Rust
467,Physician,Russel_Owen4878@nanoff.biz,Russel Owen
468,Electrician,Tyson_Roth3158@kideod.biz,Tyson Roth
469,Service Supervisor,Shannon_Roberts4125@yahoo.com,Shannon Roberts
470,Investment  Advisor,Benjamin_Underhill4540@grannar.com,Benjamin Underhill
471,Executive Director,Havana_Russell9428@dionrab.com,Havana Russell
472,Loan Officer,Leilani_Faulkner5814@qater.org,Leilani Faulkner
473,Call Center Representative,Nicholas_Ralph4289@gembat.biz,Nicholas Ralph
474,Web Developer,Havana_Boyle1884@vetan.org,Havana Boyle
475,Systems Administrator,Elijah_Palmer3877@nickia.com,Elijah Palmer
476,Cashier,Colleen_Mann6311@naiker.biz,Colleen Mann
477,Assistant Buyer,Mandy_Thornton6042@supunk.biz,Mandy Thornton
478,Service Supervisor,Katelyn_Wright3059@sheye.org,Katelyn Wright
479,Physician,Rocco_Andrews6375@jiman.org,Rocco Andrews
480,Staffing Consultant,Erica_Potts3226@atink.com,Erica Potts
481,Service Supervisor,Bob_Robinson1@jiman.org,Bob Robinson
482,Healthcare Specialist,Liv_Eaton4264@deavo.com,Liv Eaton
483,HR Coordinator,Christy_Upton5042@ubusive.com,Christy Upton
484,Biologist,Ruby_Mcleod7889@bulaffy.com,Ruby Mcleod
485,Physician,Ron_Davies7887@twace.org,Ron Davies
486,Loan Officer,Molly_Cooper4975@brety.org,Molly Cooper
487,Inspector,Manuel_Jacobs8083@yahoo.com,Manuel Jacobs
488,Designer,Deborah_Huggins9382@bauros.biz,Deborah Huggins
489,Steward,Kieth_Lowe4686@nimogy.biz,Kieth Lowe
490,Chef Manager,Rhea_Scott5578@womeona.net,Rhea Scott
491,Steward,Chris_Jones2509@corti.com,Chris Jones
492,HR Coordinator,Alma_Lambert1637@womeona.net,Alma Lambert
493,Accountant,Skylar_Bradshaw6576@vetan.org,Skylar Bradshaw
494,Global Logistics Supervisor,Maya_Wilson643@nimogy.biz,Maya Wilson
495,Steward,Russel_Harrison9037@dionrab.com,Russel Harrison
496,Associate Professor,Lucas_Curtis4232@deavo.com,Lucas Curtis
497,Auditor,Carter_Hopkins7891@famism.biz,Carter Hopkins
498,Operator,Carter_Yang7020@atink.com,Carter Yang
499,Doctor,Enoch_Farrell7659@typill.biz,Enoch Farrell
500,Software Engineer,Lynn_Neville7308@atink.com,Lynn Neville
501,Biologist,Aleksandra_Pratt1818@bungar.biz,Aleksandra Pratt
502,Restaurant Manager,Karen_Lewis9069@bauros.biz,Karen Lewis
503,Cashier,Tom_Weasley5943@liret.org,Tom Weasley
504,Executive Director,Domenic_Talbot8153@nickia.com,Domenic Talbot
505,Retail Trainee,Audrey_Roman3253@sheye.org,Audrey Roman
506,Insurance Broker,Abbey_Larkin5159@nanoff.biz,Abbey Larkin
507,HR Specialist,Phillip_Grant3226@grannar.com,Phillip Grant
508,Bookkeeper,Carmen_Leslie7724@irrepsy.com,Carmen Leslie
509,Cook,Makenzie_Clark207@famism.biz,Makenzie Clark
510,Machine Operator,Sienna_Ellis407@extex.org,Sienna Ellis
511,Mobile Developer,Rocco_Owens4028@atink.com,Rocco Owens
512,Loan Officer,Mike_Healy4189@mafthy.com,Mike Healy
513,Insurance Broker,Chadwick_Broomfield841@yahoo.com,Chadwick Broomfield
514,Healthcare Specialist,Hazel_Raven7165@typill.biz,Hazel Raven
515,HR Coordinator,Sofia_King192@naiker.biz,Sofia King
516,Insurance Broker,Maggie_Burnley5595@sheye.org,Maggie Burnley
517,Business Broker,Nathan_Mcnally4278@qater.org,Nathan Mcnally
518,Steward,Margot_Gaynor2290@eirey.tech,Margot Gaynor
519,Auditor,Martin_Gonzales9556@sheye.org,Martin Gonzales
520,Audiologist,Clarissa_Moore4184@cispeto.com,Clarissa Moore
521,IT Support Staff,Cedrick_Windsor4275@nickia.com,Cedrick Windsor
522,HR Coordinator,Rihanna_Walker1214@extex.org,Rihanna Walker
523,Web Developer,Ema_Speed3356@iatim.tech,Ema Speed
524,Associate Professor,Mason_Reading4434@sveldo.biz,Mason Reading
525,Clerk,Kurt_Goldsmith1220@twace.org,Kurt Goldsmith
526,Assistant Buyer,Georgia_Vollans7440@infotech44.tech,Georgia Vollans
527,Executive Director,Evelynn_Hobbs8560@ubusive.com,Evelynn Hobbs
528,Steward,Bryce_Davies1241@sheye.org,Bryce Davies
529,CNC Operator,Margot_Martin3095@nanoff.biz,Margot Martin
530,Banker,Gabriel_Slater8275@qater.org,Gabriel Slater
531,Health Educator,Enoch_Allington6338@joiniaa.com,Enoch Allington
532,Bookkeeper,Leanne_Doherty6145@muall.tech,Leanne Doherty
533,Healthcare Specialist,Lara_Henderson4215@acrit.org,Lara Henderson
534,Webmaster,Russel_Rust2872@atink.com,Russel Rust
535,Insurance Broker,Domenic_King331@naiker.biz,Domenic King
536,Designer,Manuel_Moore5644@kideod.biz,Manuel Moore
537,CNC Operator,Nick_Judd3545@acrit.org,Nick Judd
538,Bellman,Chadwick_Bradshaw2279@yahoo.com,Chadwick Bradshaw
539,Webmaster,Caleb_Trent4597@bretoux.com,Caleb Trent
540,Operator,Britney_Sherry514@guentu.biz,Britney Sherry
541,Systems Administrator,Madison_Turner9400@kideod.biz,Madison Turner
542,Restaurant Manager,Fred_Widdows7703@kideod.biz,Fred Widdows
543,Inspector,Chester_Drummond7048@eirey.tech,Chester Drummond
544,Clerk,Amelia_Avery7182@womeona.net,Amelia Avery
545,Healthcare Specialist,Fred_Marshall4200@brety.org,Fred Marshall
546,Loan Officer,Emma_Cooper3546@gompie.com,Emma Cooper
547,Electrician,Maddison_Ward6607@dionrab.com,Maddison Ward
548,Operator,Boris_Rivers7879@cispeto.com,Boris Rivers
549,Healthcare Specialist,Tony_Ballard8563@irrepsy.com,Tony Ballard
550,Software Engineer,Leilani_Boden3773@nickia.com,Leilani Boden
551,Associate Professor,Lauren_Parker6231@hourpy.biz,Lauren Parker
552,Cashier,Harry_Mason5119@yahoo.com,Harry Mason
553,Service Supervisor,Daniel_Thomas411@zorer.org,Daniel Thomas
554,Web Developer,Chris_Eagle3770@twace.org,Chris Eagle
555,Audiologist,Leilani_Brown2266@deavo.com,Leilani Brown
556,Baker,Adalind_Overson1932@joiniaa.com,Adalind Overson
557,Design Engineer,Analise_Warren5562@corti.com,Analise Warren
558,Clerk,Abdul_Wright7086@fuliss.net,Abdul Wright
559,HR Coordinator,Liliana_Bennett4327@tonsy.org,Liliana Bennett
560,Cook,Liam_Ross3952@nanoff.biz,Liam Ross
561,Dentist,Henry_Oatway993@twace.org,Henry Oatway
562,Global Logistics Supervisor,Phillip_Flanders1240@deavo.com,Phillip Flanders
563,HR Coordinator,Martin_Noach3018@typill.biz,Martin Noach
564,Staffing Consultant,Mandy_Latham8915@ubusive.com,Mandy Latham
565,Cash Manager,Tom_Farrow2367@nickia.com,Tom Farrow
566,Machine Operator,Tom_Bell1316@corti.com,Tom Bell
567,HR Specialist,Peter_Chapman3784@infotech44.tech,Peter Chapman
568,Pharmacist,Enoch_Holmes5538@grannar.com,Enoch Holmes
569,Web Developer,Alexa_Michael2288@bulaffy.com,Alexa Michael
570,Executive Director,Macy_Bingham8091@typill.biz,Macy Bingham
571,Production Painter,Rufus_Grady9626@supunk.biz,Rufus Grady
572,Lecturer,Joseph_Bryson5899@twipet.com,Joseph Bryson
573,Global Logistics Supervisor,David_Whitmore7224@hourpy.biz,David Whitmore
574,Designer,Lauren_Wood5599@famism.biz,Lauren Wood
575,Physician,Rufus_Rodgers6152@elnee.tech,Rufus Rodgers
576,Software Engineer,Maxwell_Aldridge4465@sheye.org,Maxwell Aldridge
577,Front Desk Coordinator,Barney_Ranks1442@ovock.tech,Barney Ranks
578,Health Educator,Harry_Uddin7377@corti.com,Harry Uddin
579,Software Engineer,Chuck_Isaac1977@iatim.tech,Chuck Isaac
580,Systems Administrator,Alison_Yang5396@corti.com,Alison Yang
581,Machine Operator,Ramon_Hamilton8514@bungar.biz,Ramon Hamilton
582,Software Engineer,Adela_Vince3017@gmail.com,Adela Vince
583,Designer,William_Lucas6203@atink.com,William Lucas
584,Cook,Boris_Benson2252@ovock.tech,Boris Benson
585,Inspector,Nick_Purvis5924@nickia.com,Nick Purvis
586,HR Specialist,Harvey_Varley4970@joiniaa.com,Harvey Varley
587,IT Support Staff,Jazmin_Paterson8288@dionrab.com,Jazmin Paterson
588,IT Support Staff,Chadwick_Cowan5975@yahoo.com,Chadwick Cowan
589,Cash Manager,Gwenyth_Warren40@fuliss.net,Gwenyth Warren
590,Paramedic,Vera_Rodgers8632@guentu.biz,Vera Rodgers
591,Cook,Alba_Welsch6347@twipet.com,Alba Welsch
592,Fabricator,Ron_Kelly8070@nanoff.biz,Ron Kelly
593,Bookkeeper,Johnathan_Wilde8047@sheye.org,Johnathan Wilde
594,Service Supervisor,Denny_Richards9796@bretoux.com,Denny Richards
595,Treasurer,Janelle_Pond8488@iatim.tech,Janelle Pond
596,Banker,Harry_Funnell1967@bretoux.com,Harry Funnell
597,Clerk,Rocco_Webster647@kideod.biz,Rocco Webster
598,Inspector,Jamie_Owen2870@liret.org,Jamie Owen
599,Steward,Henry_Alexander4428@fuliss.net,Henry Alexander
600,Project Manager,Angelica_Rehman1307@hourpy.biz,Angelica Rehman
601,Global Logistics Supervisor,Sloane_Hamilton7229@zorer.org,Sloane Hamilton
602,Inspector,Logan_Warner6622@liret.org,Logan Warner
603,Webmaster,Bryce_Cartwright709@fuliss.net,Bryce Cartwright
604,Staffing Consultant,Amelia_Irwin4770@bauros.biz,Amelia Irwin
605,Restaurant Manager,Aiden_Price1163@atink.com,Aiden Price
606,Doctor,Hope_Dann7992@ubusive.com,Hope Dann
607,Cashier,Lexi_Gardner4366@ubusive.com,Lexi Gardner
608,Loan Officer,Hazel_Thatcher8098@bungar.biz,Hazel Thatcher
609,Biologist,Doug_Leigh9564@iatim.tech,Doug Leigh
610,Staffing Consultant,Rosemary_Randall5025@gompie.com,Rosemary Randall
611,Food Technologist,Alexander_Mcleod6382@elnee.tech,Alexander Mcleod
612,Loan Officer,Winnie_Edmonds7486@sheye.org,Winnie Edmonds
613,Web Developer,Makenzie_Harrison1538@grannar.com,Makenzie Harrison
614,Assistant Buyer,Sarah_Purvis3565@corti.com,Sarah Purvis
615,Doctor,John_Kidd7053@bretoux.com,John Kidd
616,Biologist,Harriet_Flynn2533@kideod.biz,Harriet Flynn
617,Retail Trainee,Darlene_Roberts662@zorer.org,Darlene Roberts
618,Insurance Broker,Hannah_Craig7567@sheye.org,Hannah Craig
619,Business Broker,Bryon_Harris2061@typill.biz,Bryon Harris
620,Systems Administrator,Mary_Murray2411@joiniaa.com,Mary Murray
621,CNC Operator,Wade_Bentley4122@twace.org,Wade Bentley
622,Steward,Melania_Hancock7009@ovock.tech,Melania Hancock
623,Design Engineer,Vivian_Ripley3533@mafthy.com,Vivian Ripley
624,CNC Operator,Nick_Nelson2294@mafthy.com,Nick Nelson
625,Accountant,Lillian_Harris4594@kideod.biz,Lillian Harris
626,Fabricator,Doug_Thomas8329@deons.tech,Doug Thomas
627,Treasurer,Sarah_Kennedy2533@muall.tech,Sarah Kennedy
628,CNC Operator,Taylor_Martin4718@zorer.org,Taylor Martin
629,Global Logistics Supervisor,Chad_Rodgers7538@jiman.org,Chad Rodgers
630,Call Center Representative,Mandy_Kelly4221@deons.tech,Mandy Kelly
631,Banker,Margaret_Edwards7777@gompie.com,Margaret Edwards
632,Baker,Rufus_Oswald8155@womeona.net,Rufus Oswald
633,Operator,Julian_Clarke6933@eirey.tech,Julian Clarke
634,Lecturer,Jane_Amstead8427@deavo.com,Jane Amstead
635,Systems Administrator,Nina_Vallory9261@tonsy.org,Nina Vallory
636,Bellman,Jasmine_Ainsworth391@bretoux.com,Jasmine Ainsworth
637,Accountant,Valerie_Thomson4037@deons.tech,Valerie Thomson
638,Biologist,Eduardo_Grey7833@bulaffy.com,Eduardo Grey
639,Fabricator,Nancy_Edwards4314@hourpy.biz,Nancy Edwards
640,Designer,David_Callan4739@extex.org,David Callan
641,Healthcare Specialist,Chad_Talbot1819@naiker.biz,Chad Talbot
642,CNC Operator,Erick_Lynn7888@gmail.com,Erick Lynn
643,Front Desk Coordinator,Celina_Riley1784@gembat.biz,Celina Riley
644,Business Broker,Matt_Connell1707@naiker.biz,Matt Connell
645,Paramedic,Harry_Abbey449@zorer.org,Harry Abbey
646,Steward,Manuel_Donovan6601@twace.org,Manuel Donovan
647,Project Manager,Isabel_Rainford7584@typill.biz,Isabel Rainford
648,Business Broker,Florence_Shaw4339@dionrab.com,Florence Shaw
649,IT Support Staff,Aileen_Needham1476@gmail.com,Aileen Needham
650,Assistant Buyer,Aeris_Appleton935@bretoux.com,Aeris Appleton
651,Clerk,Helen_Sawyer2200@nimogy.biz,Helen Sawyer
652,Operator,Johnathan_Milner1078@twace.org,Johnathan Milner
653,Call Center Representative,Sarah_Craig3766@famism.biz,Sarah Craig
654,Biologist,Jack_Sinclair9247@mafthy.com,Jack Sinclair
655,Cashier,Melania_Roberts2445@ovock.tech,Melania Roberts
656,Food Technologist,Louise_Lyon9514@nanoff.biz,Louise Lyon
657,Restaurant Manager,Cedrick_Lewin913@mafthy.com,Cedrick Lewin
658,Clerk,Denny_Carson1114@cispeto.com,Denny Carson
659,Insurance Broker,Aisha_Bell2382@irrepsy.com,Aisha Bell
660,Electrician,Evelynn_Stewart641@bulaffy.com,Evelynn Stewart
661,HR Specialist,Naomi_Selby439@twace.org,Naomi Selby
662,Call Center Representative,Julius_Miller3416@gembat.biz,Julius Miller
663,Bookkeeper,Michael_Walton1341@acrit.org,Michael Walton
664,HR Specialist,Elijah_Kaur4736@corti.com,Elijah Kaur
665,CNC Operator,Matthew_Roberts2550@jiman.org,Matthew Roberts
666,Webmaster,Charlotte_Powell9013@dionrab.com,Charlotte Powell
667,Call Center Representative,Bob_Willson6791@irrepsy.com,Bob Willson
668,Operator,Tyson_Drummond8833@irrepsy.com,Tyson Drummond
669,Project Manager,Bob_Thorpe1243@famism.biz,Bob Thorpe
670,Accountant,Bob_Drummond1104@dionrab.com,Bob Drummond
671,Executive Director,Tania_Woodley6552@hourpy.biz,Tania Woodley
672,Designer,Hayden_Farrell8350@corti.com,Hayden Farrell
673,Food Technologist,Noemi_Collingwood6052@iatim.tech,Noemi Collingwood
674,Webmaster,Gloria_Coates5697@gembat.biz,Gloria Coates
675,Retail Trainee,Tania_Hardwick2852@gompie.com,Tania Hardwick
676,HR Coordinator,Bob_Zaoui8631@extex.org,Bob Zaoui
677,Chef Manager,Laila_Shaw9904@deavo.com,Laila Shaw
678,IT Support Staff,Elijah_Verdon4907@twace.org,Elijah Verdon
679,Inspector,Anne_Waterson515@mafthy.com,Anne Waterson
680,Steward,Carl_Smith6687@kideod.biz,Carl Smith
681,Dentist,Vicky_Nanton9210@ovock.tech,Vicky Nanton
682,Front Desk Coordinator,Rachael_Watt6585@tonsy.org,Rachael Watt
683,IT Support Staff,Amelia_Richards6802@sveldo.biz,Amelia Richards
684,Executive Director,Anne_Brennan3353@bretoux.com,Anne Brennan
685,Biologist,Felicity_Dobson4733@sheye.org,Felicity Dobson
686,Auditor,Joseph_Warden1562@bulaffy.com,Joseph Warden
687,Cashier,Kaylee_Brennan1000@twace.org,Kaylee Brennan
688,Front Desk Coordinator,Dani_Summers4698@mafthy.com,Dani Summers
689,Production Painter,Lucas_Benson1542@extex.org,Lucas Benson
690,Designer,Boris_Bryant4317@twipet.com,Boris Bryant
691,HR Specialist,Josh_Thornton4784@bauros.biz,Josh Thornton
692,Executive Director,Janice_Cadman5695@gmail.com,Janice Cadman
693,Insurance Broker,Rae_Rogers2619@infotech44.tech,Rae Rogers
694,Accountant,Marilyn_Oldfield8729@zorer.org,Marilyn Oldfield
695,Service Supervisor,Joseph_Forester161@infotech44.tech,Joseph Forester
696,Associate Professor,Bree_Vangness1584@deons.tech,Bree Vangness
697,Call Center Representative,Josh_Nash978@sheye.org,Josh Nash
698,IT Support Staff,Estrella_Gates4371@supunk.biz,Estrella Gates
699,Fabricator,Celia_Forester5613@sveldo.biz,Celia Forester
700,Operator,Tony_Bennett9946@vetan.org,Tony Bennett
701,Electrician,Cynthia_Turner4297@ubusive.com,Cynthia Turner
702,Accountant,Trisha_Gordon3410@iatim.tech,Trisha Gordon
703,IT Support Staff,Wade_Villiger9796@joiniaa.com,Wade Villiger
704,Accountant,Faith_Murray3723@zorer.org,Faith Murray
705,Health Educator,Ron_Rehman1191@bretoux.com,Ron Rehman
706,Doctor,Catherine_Ainsworth5558@elnee.tech,Catherine Ainsworth
707,Banker,Zoe_Graham5465@sveldo.biz,Zoe Graham
708,HR Coordinator,Eve_Clarke6832@sveldo.biz,Eve Clarke
709,Global Logistics Supervisor,Violet_Eddison1794@nickia.com,Violet Eddison
710,Call Center Representative,Darlene_May2682@fuliss.net,Darlene May
711,Machine Operator,Rihanna_Whittle5439@sveldo.biz,Rihanna Whittle
712,Stockbroker,Irene_Rigg2944@yahoo.com,Irene Rigg
713,Laboratory Technician,Enoch_Ellis5580@irrepsy.com,Enoch Ellis
714,Bookkeeper,Jenna_Bryant8949@gmail.com,Jenna Bryant
715,Doctor,Tyler_Mackenzie700@bulaffy.com,Tyler Mackenzie
716,Cash Manager,Carol_Raven505@hourpy.biz,Carol Raven
717,Webmaster,Denny_Stevens3175@zorer.org,Denny Stevens
718,Dentist,Chad_Abbot3418@famism.biz,Chad Abbot
719,HR Coordinator,Bernadette_Calderwood7285@corti.com,Bernadette Calderwood
720,Dentist,Belinda_Ring8381@bretoux.com,Belinda Ring
721,HR Specialist,Matthew_Grady6607@fuliss.net,Matthew Grady
722,Baker,Aurelia_Lunt4024@famism.biz,Aurelia Lunt
723,Ambulatory Nurse,Alessia_Gibbons3692@typill.biz,Alessia Gibbons
724,Biologist,Leslie_Dann819@tonsy.org,Leslie Dann
725,Cashier,George_Swift7212@infotech44.tech,George Swift
726,Dentist,Ron_Nurton6285@bretoux.com,Ron Nurton
727,Retail Trainee,Chelsea_Long4725@infotech44.tech,Chelsea Long
728,Banker,Chris_Gates7039@acrit.org,Chris Gates
729,Chef Manager,Fred_Benson8967@liret.org,Fred Benson
730,Pharmacist,Daniel_Rosenbloom1622@acrit.org,Daniel Rosenbloom
731,Designer,Owen_Farrow9506@ubusive.com,Owen Farrow
732,Dentist,Beatrice_Vass7431@atink.com,Beatrice Vass
733,Staffing Consultant,Bridget_Daniells410@atink.com,Bridget Daniells
734,Systems Administrator,Liliana_Ianson1295@twipet.com,Liliana Ianson
735,Food Technologist,Hank_Hopkinson6105@gompie.com,Hank Hopkinson
736,Budget Analyst,Deborah_Nicolas9946@twipet.com,Deborah Nicolas
737,Service Supervisor,Kieth_Silva6665@iatim.tech,Kieth Silva
738,Auditor,Julius_Garner6141@joiniaa.com,Julius Garner
739,Webmaster,Kate_Lucas8675@gmail.com,Kate Lucas
740,Doctor,Deborah_Cox8514@infotech44.tech,Deborah Cox
741,Loan Officer,Nick_Driscoll7399@tonsy.org,Nick Driscoll
742,Accountant,Aiden_Tanner5936@tonsy.org,Aiden Tanner
743,Mobile Developer,Kendra_Saunders6370@gembat.biz,Kendra Saunders
744,Assistant Buyer,Jacob_Gonzales3759@deons.tech,Jacob Gonzales
745,Production Painter,Isla_Barclay3388@sheye.org,Isla Barclay
746,Inspector,Ronald_Rodgers213@bauros.biz,Ronald Rodgers
747,Ambulatory Nurse,Doris_Gordon4550@twipet.com,Doris Gordon
748,Doctor,Candice_Gordon6293@ubusive.com,Candice Gordon
749,Global Logistics Supervisor,Maribel_Waterhouse7495@atink.com,Maribel Waterhouse
750,Front Desk Coordinator,Michael_Shepherd6273@twace.org,Michael Shepherd
751,Chef Manager,Ramon_Garcia6121@iatim.tech,Ramon Garcia
752,Laboratory Technician,Clint_Gavin8254@eirey.tech,Clint Gavin
753,Business Broker,Sebastian_Anderson8641@atink.com,Sebastian Anderson
754,Machine Operator,Thea_Gilmore4233@mafthy.com,Thea Gilmore
755,Health Educator,Jocelyn_Egerton4464@muall.tech,Jocelyn Egerton
756,Systems Administrator,Abdul_Hardwick9929@yahoo.com,Abdul Hardwick
757,Web Developer,Rick_Nanton6365@cispeto.com,Rick Nanton
758,Paramedic,Emma_Stone 7887@iatim.tech,Emma Stone 
759,Staffing Consultant,Martha_Warner1934@guentu.biz,Martha Warner
760,Fabricator,Julia_Ashwell5500@gembat.biz,Julia Ashwell
761,Design Engineer,Ivy_Rowe1722@yahoo.com,Ivy Rowe
762,Food Technologist,Carissa_Durrant7772@nimogy.biz,Carissa Durrant
763,HR Coordinator,Barney_Griffiths5357@grannar.com,Barney Griffiths
764,Stockbroker,Rick_Norton9545@ovock.tech,Rick Norton
765,Treasurer,Willow_Boyle9118@qater.org,Willow Boyle
766,Auditor,Goldie_Woodley8781@bretoux.com,Goldie Woodley
767,Inspector,Hanna_Reyes8762@naiker.biz,Hanna Reyes
768,Electrician,Julian_Locke8516@bretoux.com,Julian Locke
769,Software Engineer,Rose_Dillon7302@brety.org,Rose Dillon
770,Operator,Nathan_Thompson7025@gmail.com,Nathan Thompson
771,Lecturer,Roger_Wright1859@zorer.org,Roger Wright
772,Fabricator,Ronald_Wise6409@gompie.com,Ronald Wise
773,Bookkeeper,Louise_Gordon563@jiman.org,Louise Gordon
774,Design Engineer,Anthony_Cann769@eirey.tech,Anthony Cann
775,Clerk,Macy_Jefferson8186@famism.biz,Macy Jefferson
776,Business Broker,Harmony_Devonport4472@jiman.org,Harmony Devonport
777,Associate Professor,Aiden_Rowe7736@deavo.com,Aiden Rowe
778,HR Specialist,Matt_Quinnell6220@ovock.tech,Matt Quinnell
779,Insurance Broker,Enoch_Wright5001@gmail.com,Enoch Wright
780,Restaurant Manager,Caleb_Wilcox441@vetan.org,Caleb Wilcox
781,Fabricator,Nicholas_Horton8765@womeona.net,Nicholas Horton
782,Staffing Consultant,Dalia_Burnley1180@typill.biz,Dalia Burnley
783,Baker,Renee_Crawley9866@dionrab.com,Renee Crawley
784,Web Developer,Louise_Snow1430@famism.biz,Louise Snow
785,Treasurer,Rick_Mould9415@twipet.com,Rick Mould
786,Paramedic,Crystal_Doherty1751@iatim.tech,Crystal Doherty
787,Design Engineer,Carl_Whitehouse7198@twace.org,Carl Whitehouse
788,Steward,Owen_Cobb3288@twace.org,Owen Cobb
789,Restaurant Manager,Javier_Todd5975@qater.org,Javier Todd
790,IT Support Staff,Wendy_Page 7030@dionrab.com,Wendy Page 
791,Chef Manager,Michael_Yarlett9174@eirey.tech,Michael Yarlett
792,HR Coordinator,Maxwell_Santos8387@muall.tech,Maxwell Santos
793,Global Logistics Supervisor,Elise_Mitchell6045@famism.biz,Elise Mitchell
794,Cash Manager,Claire_Osmond834@sheye.org,Claire Osmond
795,Cashier,John_Jenkin2251@brety.org,John Jenkin
796,Fabricator,Martin_Power5676@twipet.com,Martin Power
797,Lecturer,Ethan_Bentley3623@elnee.tech,Ethan Bentley
798,HR Coordinator,Anais_Freeburn4952@qater.org,Anais Freeburn
799,Operator,Ema_Tait8454@joiniaa.com,Ema Tait
800,Audiologist,Nate_Whitmore9071@vetan.org,Nate Whitmore
801,Investment  Advisor,Mason_Gaynor2742@nimogy.biz,Mason Gaynor
802,HR Coordinator,Natalie_Crawford2342@fuliss.net,Natalie Crawford
803,HR Specialist,Brooklyn_Bell5404@tonsy.org,Brooklyn Bell
804,Production Painter,Logan_Shields9709@supunk.biz,Logan Shields
805,Assistant Buyer,Sloane_Boden4783@twace.org,Sloane Boden
806,Treasurer,Julius_Stark4376@sveldo.biz,Julius Stark
807,IT Support Staff,Rick_Townend4971@vetan.org,Rick Townend
808,Web Developer,Blake_Waterhouse733@hourpy.biz,Blake Waterhouse
809,Cook,Noah_Nobbs3158@twipet.com,Noah Nobbs
810,Mobile Developer,Josephine_Palmer5988@gompie.com,Josephine Palmer
811,Systems Administrator,Lillian_Richardson2337@joiniaa.com,Lillian Richardson
812,Cash Manager,Keira_Savage2852@dionrab.com,Keira Savage
813,Stockbroker,Percy_Moss7551@sheye.org,Percy Moss
814,Project Manager,Martin_Partridge7404@ovock.tech,Martin Partridge
815,Treasurer,Rufus_Brown7791@bulaffy.com,Rufus Brown
816,Physician,Candace_Nurton2313@deavo.com,Candace Nurton
817,Biologist,Stella_Mason4997@sheye.org,Stella Mason
818,Software Engineer,Sebastian_Ring5574@corti.com,Sebastian Ring
819,Clerk,Remy_Rogers5027@grannar.com,Remy Rogers
820,Banker,Makenzie_Edmonds8278@elnee.tech,Makenzie Edmonds
821,Banker,Joy_Trent54@typill.biz,Joy Trent
822,Mobile Developer,Harry_Redden185@twace.org,Harry Redden
823,Lecturer,Bob_Rowe2033@deons.tech,Bob Rowe
824,Ambulatory Nurse,Maia_Cooper2082@tonsy.org,Maia Cooper
825,Cashier,Ellen_Thorpe1010@twipet.com,Ellen Thorpe
826,Machine Operator,Kurt_Summers2687@grannar.com,Kurt Summers
827,Lecturer,Ilona_Wills6202@fuliss.net,Ilona Wills
828,Insurance Broker,Renee_Stanley7066@bulaffy.com,Renee Stanley
829,Dentist,Sofia_Howard7677@elnee.tech,Sofia Howard
830,Auditor,Boris_Jackson5533@nimogy.biz,Boris Jackson
831,HR Coordinator,Chad_Lewis7698@twipet.com,Chad Lewis
832,Healthcare Specialist,Johnny_Parker6040@vetan.org,Johnny Parker
833,Investment  Advisor,Courtney_Willson1106@kideod.biz,Courtney Willson
834,Physician,Andrea_Latham2890@fuliss.net,Andrea Latham
835,Electrician,Anthony_Wheeler3434@acrit.org,Anthony Wheeler
836,Loan Officer,Estrella_Lunt6147@brety.org,Estrella Lunt
837,Production Painter,Kieth_Hale3010@elnee.tech,Kieth Hale
838,Bellman,Peter_Rogan5399@cispeto.com,Peter Rogan
839,Inspector,Eve_Clarke6856@dionrab.com,Eve Clarke
840,Insurance Broker,Oliver_Shields7300@deons.tech,Oliver Shields
841,CNC Operator,Jolene_Morrison1709@nickia.com,Jolene Morrison
842,Physician,Owen_Cox6722@cispeto.com,Owen Cox
843,Baker,Ethan_Mcnally4864@eirey.tech,Ethan Mcnally
844,IT Support Staff,Tony_Todd7094@supunk.biz,Tony Todd
845,Cook,Sebastian_Downing8503@qater.org,Sebastian Downing
846,Fabricator,Maria_Warren9348@bretoux.com,Maria Warren
847,Production Painter,Hayden_May5336@famism.biz,Hayden May
848,Lecturer,Jayden_Squire8450@bretoux.com,Jayden Squire
849,Banker,John_Stewart8875@jiman.org,John Stewart
850,HR Coordinator,John_Khan4056@muall.tech,John Khan
851,Biologist,Martin_Fox9428@womeona.net,Martin Fox
852,Budget Analyst,Ivette_Cavanagh6659@zorer.org,Ivette Cavanagh
853,Global Logistics Supervisor,Lindsay_Nicolas5769@sveldo.biz,Lindsay Nicolas
854,Healthcare Specialist,Ron_Callan480@bulaffy.com,Ron Callan
855,Insurance Broker,Sebastian_Bradley9324@famism.biz,Sebastian Bradley
856,Inspector,Barry_Jenkins3777@bulaffy.com,Barry Jenkins
857,Steward,Phillip_Dixon6535@twipet.com,Phillip Dixon
858,Pharmacist,Brad_Bentley9593@atink.com,Brad Bentley
859,HR Coordinator,Nicholas_Morris4365@twace.org,Nicholas Morris
860,Webmaster,Madelyn_Sherwood2010@tonsy.org,Madelyn Sherwood
861,Project Manager,Chloe_Ranks8106@deavo.com,Chloe Ranks
862,Designer,Freya_Jacobs6440@corti.com,Freya Jacobs
863,Front Desk Coordinator,Tiffany_Penn397@extex.org,Tiffany Penn
864,Designer,Erick_Flack2308@famism.biz,Erick Flack
865,HR Coordinator,Marjorie_Webster2384@zorer.org,Marjorie Webster
866,Assistant Buyer,Josh_Ripley4515@vetan.org,Josh Ripley
867,Webmaster,Lexi_Robinson7425@sheye.org,Lexi Robinson
868,Front Desk Coordinator,Elisabeth_Allwood7008@dionrab.com,Elisabeth Allwood
869,Lecturer,Sadie_Price666@fuliss.net,Sadie Price
870,Web Developer,Harvey_Morgan6489@bungar.biz,Harvey Morgan
871,Lecturer,Tom_Weasley6828@bungar.biz,Tom Weasley
872,Food Technologist,Daniel_Harris7095@womeona.net,Daniel Harris
873,Steward,Lana_Chadwick2999@zorer.org,Lana Chadwick
874,Loan Officer,Macy_Weatcroft5575@muall.tech,Macy Weatcroft
875,Global Logistics Supervisor,Selena_Radcliffe867@eirey.tech,Selena Radcliffe
876,Steward,Juliet_Hunt3744@atink.com,Juliet Hunt
877,Cashier,Caydence_Anderson2092@deavo.com,Caydence Anderson
878,Webmaster,Josh_Ward8270@infotech44.tech,Josh Ward
879,Front Desk Coordinator,Emmanuelle_Archer7846@brety.org,Emmanuelle Archer
880,Global Logistics Supervisor,Gabriel_Lewis655@bungar.biz,Gabriel Lewis
881,Global Logistics Supervisor,Noah_Greenwood2105@vetan.org,Noah Greenwood
882,Audiologist,Fred_Coates1878@extex.org,Fred Coates
883,Physician,Hanna_Rixon2832@famism.biz,Hanna Rixon
884,Staffing Consultant,Daniel_Jackson2861@brety.org,Daniel Jackson
885,Service Supervisor,Janice_Alldridge5696@iatim.tech,Janice Alldridge
886,Mobile Developer,Elisabeth_Benfield375@irrepsy.com,Elisabeth Benfield
887,Webmaster,Daron_Pope2390@supunk.biz,Daron Pope
888,Cash Manager,Ethan_Tyrrell7228@bretoux.com,Ethan Tyrrell
889,Healthcare Specialist,Russel_Jobson5296@gompie.com,Russel Jobson
890,Production Painter,Julianna_Lowe3029@acrit.org,Julianna Lowe
891,Budget Analyst,Liam_Pierce1481@muall.tech,Liam Pierce
892,Physician,Lana_Little6630@sheye.org,Lana Little
893,Staffing Consultant,Leroy_Summers4017@extex.org,Leroy Summers
894,Audiologist,Elena_Walsh985@twipet.com,Elena Walsh
895,Restaurant Manager,Janelle_Burnley7108@elnee.tech,Janelle Burnley
896,Biologist,Elijah_Brock9619@nickia.com,Elijah Brock
897,Web Developer,Cherish_Blackwall1726@eirey.tech,Cherish Blackwall
898,Bookkeeper,Teagan_Sylvester2332@yahoo.com,Teagan Sylvester
899,Staffing Consultant,Barry_Ripley6251@zorer.org,Barry Ripley
900,Cashier,Nick_Robinson8973@extex.org,Nick Robinson
901,Pharmacist,Abdul_Raven2372@yahoo.com,Abdul Raven
902,Systems Administrator,Meredith_Norton190@gembat.biz,Meredith Norton
903,Bellman,Quinn_Warren1299@bretoux.com,Quinn Warren
904,Webmaster,Carter_Jobson3539@liret.org,Carter Jobson
905,Mobile Developer,Marie_Keys7456@muall.tech,Marie Keys
906,Banker,Darlene_Saunders8838@sveldo.biz,Darlene Saunders
907,Service Supervisor,Luna_Norton1059@elnee.tech,Luna Norton
908,Global Logistics Supervisor,Allison_Noach6314@mafthy.com,Allison Noach
909,Cashier,Ethan_Armstrong8877@supunk.biz,Ethan Armstrong
910,Software Engineer,Olivia_Lloyd7971@deavo.com,Olivia Lloyd
911,Doctor,Bart_Lane3656@deons.tech,Bart Lane
912,Executive Director,Bridget_Silva4235@jiman.org,Bridget Silva
913,Business Broker,Molly_Emerson4865@vetan.org,Molly Emerson
914,Doctor,Karen_Andrews7536@elnee.tech,Karen Andrews
915,Pharmacist,Tyler_Douglas809@liret.org,Tyler Douglas
916,Loan Officer,Moira_Hooper5515@zorer.org,Moira Hooper
917,Production Painter,Mina_Villiger793@ovock.tech,Mina Villiger
918,Chef Manager,Leslie_Vincent3690@sheye.org,Leslie Vincent
919,Lecturer,Ethan_Campbell7903@mafthy.com,Ethan Campbell
920,Biologist,Audrey_Hunter3943@twipet.com,Audrey Hunter
921,Bellman,Oliver_Santos7655@corti.com,Oliver Santos
922,Banker,Gemma_Sinclair879@zorer.org,Gemma Sinclair
923,Baker,Sofie_Wilkinson9562@ubusive.com,Sofie Wilkinson
924,Clerk,Johnathan_Adams8940@corti.com,Johnathan Adams
925,Cash Manager,Tony_Weasley457@bungar.biz,Tony Weasley
926,Bookkeeper,Barry_Allington3578@famism.biz,Barry Allington
927,Cook,Mason_Evans6918@elnee.tech,Mason Evans
928,Physician,Rufus_Bolton8675@elnee.tech,Rufus Bolton
929,Operator,Mason_Burge627@typill.biz,Mason Burge
930,Insurance Broker,Carl_Rogan8735@irrepsy.com,Carl Rogan
931,Machine Operator,Jackeline_Parker1183@bretoux.com,Jackeline Parker
932,Restaurant Manager,Janelle_Niles6110@elnee.tech,Janelle Niles
933,Restaurant Manager,Cedrick_Porter518@joiniaa.com,Cedrick Porter
934,Global Logistics Supervisor,Tyson_Sherwood385@gembat.biz,Tyson Sherwood
935,Investment  Advisor,Anne_Woodley4746@vetan.org,Anne Woodley
936,Doctor,Phillip_Harrison333@infotech44.tech,Phillip Harrison
937,Lecturer,Chadwick_Clifford6472@deavo.com,Chadwick Clifford
938,Front Desk Coordinator,Vanessa_Graves4850@bulaffy.com,Vanessa Graves
939,Design Engineer,Danny_Bailey1349@twace.org,Danny Bailey
940,Call Center Representative,Johnathan_Wright3500@zorer.org,Johnathan Wright
941,Associate Professor,Julius_Andrews1550@supunk.biz,Julius Andrews
942,Physician,Carl_Brooks7179@kideod.biz,Carl Brooks
943,Bookkeeper,Barney_Oliver3014@nickia.com,Barney Oliver
944,Project Manager,Emerald_Tyler4862@twace.org,Emerald Tyler
945,Retail Trainee,Charlotte_Norburn1522@supunk.biz,Charlotte Norburn
946,Service Supervisor,Elisabeth_Owen6095@joiniaa.com,Elisabeth Owen
947,HR Specialist,Rihanna_Broomfield4676@fuliss.net,Rihanna Broomfield
948,Food Technologist,Danielle_Edler6723@acrit.org,Danielle Edler
949,Accountant,Nate_Baker7045@bretoux.com,Nate Baker
950,Bookkeeper,Abdul_Lloyd5154@ovock.tech,Abdul Lloyd
951,Associate Professor,Nicholas_Thorne6563@qater.org,Nicholas Thorne
952,Mobile Developer,Ethan_Ramsey6840@twipet.com,Ethan Ramsey
953,Laboratory Technician,Destiny_Yates339@corti.com,Destiny Yates
954,Call Center Representative,Meredith_Wallace5027@hourpy.biz,Meredith Wallace
955,Investment  Advisor,Chester_Walker3958@hourpy.biz,Chester Walker
956,Staffing Consultant,Rowan_Brennan5613@liret.org,Rowan Brennan
957,Project Manager,Noemi_Bell431@twace.org,Noemi Bell
958,Accountant,Owen_Quinton5412@gompie.com,Owen Quinton
959,Design Engineer,Matthew_Ainsworth349@zorer.org,Matthew Ainsworth
960,Mobile Developer,Jules_Knight6860@supunk.biz,Jules Knight
961,Healthcare Specialist,Kenzie_Morley593@tonsy.org,Kenzie Morley
962,Retail Trainee,Benny_White592@extex.org,Benny White
963,Global Logistics Supervisor,Trisha_Fulton5612@nanoff.biz,Trisha Fulton
964,HR Specialist,Fred_Olson1929@famism.biz,Fred Olson
965,Baker,Victoria_Myatt8490@fuliss.net,Victoria Myatt
966,Retail Trainee,Freya_Sawyer675@sheye.org,Freya Sawyer
967,Operator,Alessandra_Wills2346@ubusive.com,Alessandra Wills
968,Health Educator,Jayden_Yates1108@twipet.com,Jayden Yates
969,Food Technologist,Priscilla_Robinson3039@nimogy.biz,Priscilla Robinson
970,Business Broker,Roger_Barrett2467@nimogy.biz,Roger Barrett
971,Web Developer,Chadwick_James8446@qater.org,Chadwick James
972,Doctor,Angel_Ingram4404@deavo.com,Angel Ingram
973,Global Logistics Supervisor,Enoch_Villiger5799@naiker.biz,Enoch Villiger
974,Design Engineer,Jessica_Morris3434@qater.org,Jessica Morris
975,Banker,Emmanuelle_Barclay2583@ovock.tech,Emmanuelle Barclay
976,Service Supervisor,Harry_Price6945@famism.biz,Harry Price
977,IT Support Staff,George_Hobbs1224@guentu.biz,George Hobbs
978,Audiologist,Gemma_Dunbar6562@grannar.com,Gemma Dunbar
979,Cash Manager,Meredith_Squire3487@bulaffy.com,Meredith Squire
980,Lecturer,Manuel_Rogers5170@bulaffy.com,Manuel Rogers
981,Inspector,Davina_Thompson1411@gompie.com,Davina Thompson
982,Accountant,Tyler_Parker4230@twace.org,Tyler Parker
983,Accountant,Jocelyn_Mcgregor5490@bulaffy.com,Jocelyn Mcgregor
984,Bookkeeper,Katelyn_White7659@infotech44.tech,Katelyn White
985,Ambulatory Nurse,Cassidy_Stevens1567@sveldo.biz,Cassidy Stevens
986,IT Support Staff,Helen_Turner4725@nanoff.biz,Helen Turner
987,HR Coordinator,Joyce_Willis1407@ubusive.com,Joyce Willis
988,Designer,Hayden_Woodley555@yahoo.com,Hayden Woodley
989,Pharmacist,Andie_Jarrett2195@bauros.biz,Andie Jarrett
990,Biologist,Laila_Nielson3089@bauros.biz,Laila Nielson
991,Audiologist,Gwenyth_Widdows5380@infotech44.tech,Gwenyth Widdows
992,Lecturer,Holly_Hardwick4349@nickia.com,Holly Hardwick
993,Cashier,Martin_Tait8329@mafthy.com,Martin Tait
994,HR Specialist,Callie_Palmer9963@deons.tech,Callie Palmer
995,Associate Professor,Sonya_Nicholls153@qater.org,Sonya Nicholls
996,Banker,Ryan_Robinson9256@deavo.com,Ryan Robinson
997,Budget Analyst,Owen_Oatway2131@irrepsy.com,Owen Oatway
998,Call Center Representative,Danielle_Ashley3485@bulaffy.com,Danielle Ashley
999,Executive Director,Bryce_Hancock8961@twipet.com,Bryce Hancock
1000,Budget Analyst,Lana_Rowlands8713@twipet.com,Lana Rowlands